content,summary
"浏览器无法保存密码","Chrome浏览器无法保存密码的处理方式：备份书签，关闭chrome浏览器，前往路径C:\Users\工号C\AppData\Local\Google，将路径下“Chrome”文件夹重命名为“Chrome.bak”，打开chrome浏览器，导入书签。"
"谷歌浏览器无法保存密码","Chrome浏览器无法保存密码的处理方式：备份书签，关闭chrome浏览器，前往路径C:\Users\工号C\AppData\Local\Google，将路径下“Chrome”文件夹重命名为“Chrome.bak”，打开chrome浏览器，导入书签。"
"浏览器保存密码后带不出来","Chrome浏览器无法保存密码的处理方式：备份书签，关闭chrome浏览器，前往路径C:\Users\工号C\AppData\Local\Google，将路径下“Chrome”文件夹重命名为“Chrome.bak”，打开chrome浏览器，导入书签。"
"浏览器保存不了密码","Chrome浏览器无法保存密码的处理方式：备份书签，关闭chrome浏览器，前往路径C:\Users\工号C\AppData\Local\Google，将路径下“Chrome”文件夹重命名为“Chrome.bak”，打开chrome浏览器，导入书签。"
"谷歌浏览器如何设置保存网页密码","Chrome浏览器无法保存密码的处理方式：备份书签，关闭chrome浏览器，前往路径C:\Users\工号C\AppData\Local\Google，将路径下“Chrome”文件夹重命名为“Chrome.bak”，打开chrome浏览器，导入书签。"
"Edge浏览器右上角菜单字体变大","Edge浏览器菜单字体异常变大，其他字体正常，且无法调整：在浏览器地址栏输入：edge://flags/#edge-pc-ui-integration后回车，打开后可搜索找到Enable Windows 11 Visual Updates选项，将该选项改为disable后重启浏览器即可。"
"Edge浏览器右键菜单字体异常","Edge浏览器菜单字体异常变大，其他字体正常，且无法调整：在浏览器地址栏输入：edge://flags/#edge-pc-ui-integration后回车，打开后可搜索找到Enable Windows 11 Visual Updates选项，将该选项改为disable后重启浏览器即可。"
"浏览器字体异常如何修改","Edge浏览器菜单字体异常变大，其他字体正常，且无法调整：在浏览器地址栏输入：edge://flags/#edge-pc-ui-integration后回车，打开后可搜索找到Enable Windows 11 Visual Updates选项，将该选项改为disable后重启浏览器即可。"
"Edge浏览器收藏夹字体变大","Edge浏览器菜单字体异常变大，其他字体正常，且无法调整：在浏览器地址栏输入：edge://flags/#edge-pc-ui-integration后回车，打开后可搜索找到Enable Windows 11 Visual Updates选项，将该选项改为disable后重启浏览器即可。"
"浏览器字体显示异常","Edge浏览器菜单字体异常变大，其他字体正常，且无法调整：在浏览器地址栏输入：edge://flags/#edge-pc-ui-integration后回车，打开后可搜索找到Enable Windows 11 Visual Updates选项，将该选项改为disable后重启浏览器即可。"
"Excel中超链接打开报错","Excel中打开超链接提示“您的组织策略阻止我们为您完成此操作”：1.按键盘上的Win+R键，在弹出的输入框输入regedit；2.在在注册表中，导航找到HKEY_CURRENT_USER\Software\Classes\.html 项；3.在默认项上点右键选择修改；4.将默认项的值修改为HTMLfile，然后确定；5.同样的方法检查HKEY_CURRENT_USER\Software\Classes\.htm HKEY_LOCAL_MACHINE\SOFTWARE\Classes\.html 以及 HKEY_LOCAL_MACHINE\SOFTWARE\Classes\.htm 中的默认值是否也是HTMLfile，不是的话也改过来。6. 如果在注册表中无法修改html和htm默认项的值，请到360软件中将默认浏览器修改为非360浏览器，再进行尝试。"
"您的组织策略阻止我们为您完成此操作","Excel中打开超链接提示“您的组织策略阻止我们为您完成此操作”：1.按键盘上的Win+R键，在弹出的输入框输入regedit；2.在在注册表中，导航找到HKEY_CURRENT_USER\Software\Classes\.html 项；3.在默认项上点右键选择修改；4.将默认项的值修改为HTMLfile，然后确定；5.同样的方法检查HKEY_CURRENT_USER\Software\Classes\.htm HKEY_LOCAL_MACHINE\SOFTWARE\Classes\.html 以及 HKEY_LOCAL_MACHINE\SOFTWARE\Classes\.htm 中的默认值是否也是HTMLfile，不是的话也改过来。6. 如果在注册表中无法修改html和htm默认项的值，请到360软件中将默认浏览器修改为非360浏览器，再进行尝试。"
"超链接无法打开","Excel中打开超链接提示“您的组织策略阻止我们为您完成此操作”：1.按键盘上的Win+R键，在弹出的输入框输入regedit；2.在在注册表中，导航找到HKEY_CURRENT_USER\Software\Classes\.html 项；3.在默认项上点右键选择修改；4.将默认项的值修改为HTMLfile，然后确定；5.同样的方法检查HKEY_CURRENT_USER\Software\Classes\.htm HKEY_LOCAL_MACHINE\SOFTWARE\Classes\.html 以及 HKEY_LOCAL_MACHINE\SOFTWARE\Classes\.htm 中的默认值是否也是HTMLfile，不是的话也改过来。6. 如果在注册表中无法修改html和htm默认项的值，请到360软件中将默认浏览器修改为非360浏览器，再进行尝试。"
"Excel中打开超链接提示“您的组织策略阻止我们为您完成此操作”如何解决","Excel中打开超链接提示“您的组织策略阻止我们为您完成此操作”：1.按键盘上的Win+R键，在弹出的输入框输入regedit；2.在在注册表中，导航找到HKEY_CURRENT_USER\Software\Classes\.html 项；3.在默认项上点右键选择修改；4.将默认项的值修改为HTMLfile，然后确定；5.同样的方法检查HKEY_CURRENT_USER\Software\Classes\.htm HKEY_LOCAL_MACHINE\SOFTWARE\Classes\.html 以及 HKEY_LOCAL_MACHINE\SOFTWARE\Classes\.htm 中的默认值是否也是HTMLfile，不是的话也改过来。6. 如果在注册表中无法修改html和htm默认项的值，请到360软件中将默认浏览器修改为非360浏览器，再进行尝试。"
"office打开超链接提示“您的组织策略阻止我们为您完成此操作","Excel中打开超链接提示“您的组织策略阻止我们为您完成此操作”：1.按键盘上的Win+R键，在弹出的输入框输入regedit；2.在在注册表中，导航找到HKEY_CURRENT_USER\Software\Classes\.html 项；3.在默认项上点右键选择修改；4.将默认项的值修改为HTMLfile，然后确定；5.同样的方法检查HKEY_CURRENT_USER\Software\Classes\.htm HKEY_LOCAL_MACHINE\SOFTWARE\Classes\.html 以及 HKEY_LOCAL_MACHINE\SOFTWARE\Classes\.htm 中的默认值是否也是HTMLfile，不是的话也改过来。6. 如果在注册表中无法修改html和htm默认项的值，请到360软件中将默认浏览器修改为非360浏览器，再进行尝试。"
"excel中怎样冻结首行首列","Excel工作表冻结窗格操作步骤如下：1.打开Excel表格 进入Excel表格,根据需求,选中需要冻结行列的末尾。2.找到视图工具 接着在上方工具栏中,找到“视图”工具,点击进入。3.点击冻结窗口 在视图中,找到“冻结窗口”这个选项,点击“冻结窗口”。4.选择冻结窗格 在弹出的列表中,选择“冻结窗格”,即可对所选的单元格之前的单元格进行冻结。"
"冻结窗口怎么设置","Excel工作表冻结窗格操作步骤如下：1.打开Excel表格 进入Excel表格,根据需求,选中需要冻结行列的末尾。2.找到视图工具 接着在上方工具栏中,找到“视图”工具,点击进入。3.点击冻结窗口 在视图中,找到“冻结窗口”这个选项,点击“冻结窗口”。4.选择冻结窗格 在弹出的列表中,选择“冻结窗格”,即可对所选的单元格之前的单元格进行冻结。"
"选择性冻结表格怎么设置","Excel工作表冻结窗格操作步骤如下：1.打开Excel表格 进入Excel表格,根据需求,选中需要冻结行列的末尾。2.找到视图工具 接着在上方工具栏中,找到“视图”工具,点击进入。3.点击冻结窗口 在视图中,找到“冻结窗口”这个选项,点击“冻结窗口”。4.选择冻结窗格 在弹出的列表中,选择“冻结窗格”,即可对所选的单元格之前的单元格进行冻结。"
"excel如何冻结窗口","Excel工作表冻结窗格操作步骤如下：1.打开Excel表格 进入Excel表格,根据需求,选中需要冻结行列的末尾。2.找到视图工具 接着在上方工具栏中,找到“视图”工具,点击进入。3.点击冻结窗口 在视图中,找到“冻结窗口”这个选项,点击“冻结窗口”。4.选择冻结窗格 在弹出的列表中,选择“冻结窗格”,即可对所选的单元格之前的单元格进行冻结。"
"csv文件打开以后乱码","Excel打开csv格式文件显示乱码：右键CSV文件，打开方式选择记事本打开，然后点左上角的文件—另存为，编码格式改成ANSI格式后保存（一般显示为UTF-8导致乱码），再重新用excel打开。"
"csv文件无法打开","Excel打开csv格式文件显示乱码：右键CSV文件，打开方式选择记事本打开，然后点左上角的文件—另存为，编码格式改成ANSI格式后保存（一般显示为UTF-8导致乱码），再重新用excel打开。"
"Word中打字卡顿","如果使用office办公软件打字卡顿可尝试以下方法：方法一：1.打开控制面板-卸载程序2.选中Office办公软件点击;更改;3.选择;添加或删除功能;，点击;继续;4.展开Office共享功能-校对工具-简体中文校对工具，将;拼写和语法检查程序;设置为;不可用;，点击;继续;5.配置完成后生效方法二：1、打开office文档，找到菜单栏中的;文件;选项，并单击2、在弹出的页面中点击;选项;3、在弹出的页面中点击;高级;4、在高级页面找到显示选项下的;禁用硬件图形加速;，勾选后点击确定。 重新打开office文档即可。如仍无法解决可输入转人工咨询。"
"如何解决Office办公软件打字卡顿","如果使用office办公软件打字卡顿可尝试以下方法：方法一：1.打开控制面板-卸载程序2.选中Office办公软件点击;更改;3.选择;添加或删除功能;，点击;继续;4.展开Office共享功能-校对工具-简体中文校对工具，将;拼写和语法检查程序;设置为;不可用;，点击;继续;5.配置完成后生效方法二：1、打开office文档，找到菜单栏中的;文件;选项，并单击2、在弹出的页面中点击;选项;3、在弹出的页面中点击;高级;4、在高级页面找到显示选项下的;禁用硬件图形加速;，勾选后点击确定。 重新打开office文档即可。如仍无法解决可输入转人工咨询。"
"Excel中打字卡顿","如果使用office办公软件打字卡顿可尝试以下方法：方法一：1.打开控制面板-卸载程序2.选中Office办公软件点击;更改;3.选择;添加或删除功能;，点击;继续;4.展开Office共享功能-校对工具-简体中文校对工具，将;拼写和语法检查程序;设置为;不可用;，点击;继续;5.配置完成后生效方法二：1、打开office文档，找到菜单栏中的;文件;选项，并单击2、在弹出的页面中点击;选项;3、在弹出的页面中点击;高级;4、在高级页面找到显示选项下的;禁用硬件图形加速;，勾选后点击确定。 重新打开office文档即可。如仍无法解决可输入转人工咨询。"
"Ppt中打字卡顿","如果使用office办公软件打字卡顿可尝试以下方法：方法一：1.打开控制面板-卸载程序2.选中Office办公软件点击;更改;3.选择;添加或删除功能;，点击;继续;4.展开Office共享功能-校对工具-简体中文校对工具，将;拼写和语法检查程序;设置为;不可用;，点击;继续;5.配置完成后生效方法二：1、打开office文档，找到菜单栏中的;文件;选项，并单击2、在弹出的页面中点击;选项;3、在弹出的页面中点击;高级;4、在高级页面找到显示选项下的;禁用硬件图形加速;，勾选后点击确定。 重新打开office文档即可。如仍无法解决可输入转人工咨询。"
"如何自动保存编辑的文档","Office开启自动保存功能：1.打开office软件，如word、excel，点击“文件”选项。2.点击保存选项卡，勾选“保存自动恢复信息时间间隔”，并按照需求填写时间设置。勾选“如果我没保存就关闭，请保留上次自动保留的版本"
"office如何自动保存","Office开启自动保存功能：1.打开office软件，如word、excel，点击“文件”选项。2.点击保存选项卡，勾选“保存自动恢复信息时间间隔”，并按照需求填写时间设置。勾选“如果我没保存就关闭，请保留上次自动保留的版本"
"office开启自动保存的设置方法","Office开启自动保存功能：1.打开office软件，如word、excel，点击“文件”选项。2.点击保存选项卡，勾选“保存自动恢复信息时间间隔”，并按照需求填写时间设置。勾选“如果我没保存就关闭，请保留上次自动保留的版本"
"Office开启自动保存","Office开启自动保存功能：1.打开office软件，如word、excel，点击“文件”选项。2.点击保存选项卡，勾选“保存自动恢复信息时间间隔”，并按照需求填写时间设置。勾选“如果我没保存就关闭，请保留上次自动保留的版本"
"如何开启office自动保存","Office开启自动保存功能：1.打开office软件，如word、excel，点击“文件”选项。2.点击保存选项卡，勾选“保存自动恢复信息时间间隔”，并按照需求填写时间设置。勾选“如果我没保存就关闭，请保留上次自动保留的版本"
"office软件打开提示已停止工作怎么解决","Office软件打开提示已停止工作：解决方法: 1. 按键盘上的“WIN+R”,在弹出的运行框输入“%appdata%”回车。2. 找到Microsoft文件夹,将它整个删除即可。WPS软件删除kingsoft文件夹（此为软件缓存，删除不影响软件正常使用）。"
"office软件无法打开","Office软件打开提示已停止工作：解决方法: 1. 按键盘上的“WIN+R”,在弹出的运行框输入“%appdata%”回车。2. 找到Microsoft文件夹,将它整个删除即可。WPS软件删除kingsoft文件夹（此为软件缓存，删除不影响软件正常使用）。"
"office文件提示“已停止工作”如何解决","Office软件打开提示已停止工作：解决方法: 1. 按键盘上的“WIN+R”,在弹出的运行框输入“%appdata%”回车。2. 找到Microsoft文件夹,将它整个删除即可。WPS软件删除kingsoft文件夹（此为软件缓存，删除不影响软件正常使用）。"
"office文件打开报错","Office软件打开提示已停止工作：解决方法: 1. 按键盘上的“WIN+R”,在弹出的运行框输入“%appdata%”回车。2. 找到Microsoft文件夹,将它整个删除即可。WPS软件删除kingsoft文件夹（此为软件缓存，删除不影响软件正常使用）。"
"接收文件印章位置显示红X","PDF文件印章位置显示红&times;无法正常打印：文档验证签名导致异常，可取消验证后重新尝试打印，操作手册：http://abc.com&#34;"
"PDF文件印章位置显示异常如何处理","PDF文件印章位置显示红&times;无法正常打印：文档验证签名导致异常，可取消验证后重新尝试打印，操作手册：http://abc.com&#34;"
"打印文件印章位置显示红叉","PDF文件印章位置显示红&times;无法正常打印：文档验证签名导致异常，可取消验证后重新尝试打印，操作手册：http://abc.com&#34;"
"PDF无法查看","PDF文件打开跳转到网页或无法查看：因为加密问题，PDF格式文件无法使用浏览器查看，如何一打开PDF就跳转到网页，需要修改PDF格式文件的默认打开方式，可以点击文件，右键属性，常规选项卡中的打开方式查看是否为edge浏览器，点击更改，选择金山PDF或Adobe PDF进行打开。也可以参考手册设置：http://abc.com&#34;"
"PDF打开乱码","PDF文件打开跳转到网页或无法查看：因为加密问题，PDF格式文件无法使用浏览器查看，如何一打开PDF就跳转到网页，需要修改PDF格式文件的默认打开方式，可以点击文件，右键属性，常规选项卡中的打开方式查看是否为edge浏览器，点击更改，选择金山PDF或Adobe PDF进行打开。也可以参考手册设置：http://abc.com&#34;"
"PDF一打开就跳转到网页","PDF文件打开跳转到网页或无法查看：因为加密问题，PDF格式文件无法使用浏览器查看，如何一打开PDF就跳转到网页，需要修改PDF格式文件的默认打开方式，可以点击文件，右键属性，常规选项卡中的打开方式查看是否为edge浏览器，点击更改，选择金山PDF或Adobe PDF进行打开。也可以参考手册设置：http://abc.com&#34;"
"PDF打不开","PDF文件打开跳转到网页或无法查看：因为加密问题，PDF格式文件无法使用浏览器查看，如何一打开PDF就跳转到网页，需要修改PDF格式文件的默认打开方式，可以点击文件，右键属性，常规选项卡中的打开方式查看是否为edge浏览器，点击更改，选择金山PDF或Adobe PDF进行打开。也可以参考手册设置：http://abc.com&#34;"
"笔记本提示是否允许设备修改并且验证用户名和账号","WIN10 PC反复提示：你要允许此应用对你的设备进行更改吗1、同时按“win+r”键，输入“control”，点击确定打开控制面板，点击用户账户--用户账户-管理用户账户，查看自己的账户是否在列表中，且组是否为Administrators（如果不是请联系各属地的PC管理员添加，不知道具体人员请转人工处理）2、点击“更改用户账号控制设置”，根据自身情况，调整通知等级"
"电脑总是提示是否允许设备修改并且验证用户名和账号","WIN10 PC反复提示：你要允许此应用对你的设备进行更改吗1、同时按“win+r”键，输入“control”，点击确定打开控制面板，点击用户账户--用户账户-管理用户账户，查看自己的账户是否在列表中，且组是否为Administrators（如果不是请联系各属地的PC管理员添加，不知道具体人员请转人工处理）2、点击“更改用户账号控制设置”，根据自身情况，调整通知等级"
"WIN10开机时间过慢，如何快速开机启动","WIN10电脑如何关闭或者打开快速启动：为了更好的保护磁盘，对开机速度没有太高要求的用户可以关闭快速启动，反之打开后会缩短开机时间。1、同时按键盘的win+r键，输入control，点击确定，打开“控制面板”2、点击硬件和声音——电源选项——选择电源按钮的功能——更改当前不可用的设置——取消或者勾选启用快速启动——点击“保存修改”"
"笔记本如何关闭快速启动","WIN10电脑如何关闭或者打开快速启动：为了更好的保护磁盘，对开机速度没有太高要求的用户可以关闭快速启动，反之打开后会缩短开机时间。1、同时按键盘的win+r键，输入control，点击确定，打开“控制面板”2、点击硬件和声音——电源选项——选择电源按钮的功能——更改当前不可用的设置——取消或者勾选启用快速启动——点击“保存修改”"
"笔记本如何快速开机","WIN10电脑如何关闭或者打开快速启动：为了更好的保护磁盘，对开机速度没有太高要求的用户可以关闭快速启动，反之打开后会缩短开机时间。1、同时按键盘的win+r键，输入control，点击确定，打开“控制面板”2、点击硬件和声音——电源选项——选择电源按钮的功能——更改当前不可用的设置——取消或者勾选启用快速启动——点击“保存修改”"
"笔记本磁盘过大，如何新建磁盘分区","WIN10电脑调整磁盘分区：1、电脑桌面右键“此电脑”，选择“管理”2、在弹出的窗口中选择“磁盘管理”选项3、选择我们要调整分区大小的盘，右键单击，选择“压缩卷”4、在“输入压缩空间量”的选项中输入本次要压缩的空间数值，1GB=1024MB，想要几G就要对应乘于1024，输入好之后点击“压缩”5、右键刚才压缩出来的空间，然后单击选择“新建简单卷”6、之后会弹出“新建简单卷向导”选项，一直点下一页即可"
"如何调整磁盘分区","WIN10电脑调整磁盘分区：1、电脑桌面右键“此电脑”，选择“管理”2、在弹出的窗口中选择“磁盘管理”选项3、选择我们要调整分区大小的盘，右键单击，选择“压缩卷”4、在“输入压缩空间量”的选项中输入本次要压缩的空间数值，1GB=1024MB，想要几G就要对应乘于1024，输入好之后点击“压缩”5、右键刚才压缩出来的空间，然后单击选择“新建简单卷”6、之后会弹出“新建简单卷向导”选项，一直点下一页即可"
"更改Windows系统壁纸","Windows系统壁纸消失，桌面变成黑色解决方法：1、在开始菜单输入services.msc并打开,将Sever、Software Protection、SPP Notification Service这三个服务的状态设置为已启动,重启电脑即可;2、或者,打开控制面板-管理工具-服务-看一下Sever、Software Protection、SPP Notification Service这三个服务是不是都开启的。如果不是，启动类型全部设为自动(右键属性便可更改)。　　"
"Windows系统壁纸恢复默认","Windows系统壁纸消失，桌面变成黑色解决方法：1、在开始菜单输入services.msc并打开,将Sever、Software Protection、SPP Notification Service这三个服务的状态设置为已启动,重启电脑即可;2、或者,打开控制面板-管理工具-服务-看一下Sever、Software Protection、SPP Notification Service这三个服务是不是都开启的。如果不是，启动类型全部设为自动(右键属性便可更改)。　　"
"桌面背景突然变成黑色怎么办","Windows系统壁纸消失，桌面变成黑色解决方法：1、在开始菜单输入services.msc并打开,将Sever、Software Protection、SPP Notification Service这三个服务的状态设置为已启动,重启电脑即可;2、或者,打开控制面板-管理工具-服务-看一下Sever、Software Protection、SPP Notification Service这三个服务是不是都开启的。如果不是，启动类型全部设为自动(右键属性便可更改)。　　"
"桌面变成黑色怎么设置壁纸","Windows系统壁纸消失，桌面变成黑色解决方法：1、在开始菜单输入services.msc并打开,将Sever、Software Protection、SPP Notification Service这三个服务的状态设置为已启动,重启电脑即可;2、或者,打开控制面板-管理工具-服务-看一下Sever、Software Protection、SPP Notification Service这三个服务是不是都开启的。如果不是，启动类型全部设为自动(右键属性便可更改)。　　"
"桌面壁纸消失怎么设置","Windows系统壁纸消失，桌面变成黑色解决方法：1、在开始菜单输入services.msc并打开,将Sever、Software Protection、SPP Notification Service这三个服务的状态设置为已启动,重启电脑即可;2、或者,打开控制面板-管理工具-服务-看一下Sever、Software Protection、SPP Notification Service这三个服务是不是都开启的。如果不是，启动类型全部设为自动(右键属性便可更改)。　　"
"wps文件误删如何找回","WPS误删、未保存文件找回（仅限于WPS用户）：同时按住【windows+R】键，在弹出的框中输入 %appdata% 回车，找到kingsoft—>office6——>backup 文件夹，找到误删除的文件，复制出来即可。"
"wps文件误删如何还原","WPS误删、未保存文件找回（仅限于WPS用户）：同时按住【windows+R】键，在弹出的框中输入 %appdata% 回车，找到kingsoft—>office6——>backup 文件夹，找到误删除的文件，复制出来即可。"
"wps文件找回","WPS误删、未保存文件找回（仅限于WPS用户）：同时按住【windows+R】键，在弹出的框中输入 %appdata% 回车，找到kingsoft—>office6——>backup 文件夹，找到误删除的文件，复制出来即可。"
"误删wps文件如何找回","WPS误删、未保存文件找回（仅限于WPS用户）：同时按住【windows+R】键，在弹出的框中输入 %appdata% 回车，找到kingsoft—>office6——>backup 文件夹，找到误删除的文件，复制出来即可。"
"wps文件还原","WPS误删、未保存文件找回（仅限于WPS用户）：同时按住【windows+R】键，在弹出的框中输入 %appdata% 回车，找到kingsoft—>office6——>backup 文件夹，找到误删除的文件，复制出来即可。"
".NET Framework 3.5无法安装",".NET Framework 3.5安装方法：1、打开控制面板进入;程序;，2、点击;程序和功能;左边的;启用或关闭Windows功能;。3、在打开的;Windows功能;窗口中展开;.NET Framework 3.5(包括.NET 2.0和3.0);选项，勾选其中的子项然后点击【确认】开始安装.NET Framework 3.5模块。4、系统会自动弹出Windows更新，选择;让Windows更新为您下载文件;就可以自动安装。或者可以打开连接下载http://abc.com&#34;"
"Win10能否安装.NET Framework 3.5",".NET Framework 3.5安装方法：1、打开控制面板进入;程序;，2、点击;程序和功能;左边的;启用或关闭Windows功能;。3、在打开的;Windows功能;窗口中展开;.NET Framework 3.5(包括.NET 2.0和3.0);选项，勾选其中的子项然后点击【确认】开始安装.NET Framework 3.5模块。4、系统会自动弹出Windows更新，选择;让Windows更新为您下载文件;就可以自动安装。或者可以打开连接下载http://abc.com&#34;"
"Windows不能安装.NET Framework 3.5如何解决",".NET Framework 3.5安装方法：1、打开控制面板进入;程序;，2、点击;程序和功能;左边的;启用或关闭Windows功能;。3、在打开的;Windows功能;窗口中展开;.NET Framework 3.5(包括.NET 2.0和3.0);选项，勾选其中的子项然后点击【确认】开始安装.NET Framework 3.5模块。4、系统会自动弹出Windows更新，选择;让Windows更新为您下载文件;就可以自动安装。或者可以打开连接下载http://abc.com&#34;"
"如何安装.NET Framework 3.5",".NET Framework 3.5安装方法：1、打开控制面板进入;程序;，2、点击;程序和功能;左边的;启用或关闭Windows功能;。3、在打开的;Windows功能;窗口中展开;.NET Framework 3.5(包括.NET 2.0和3.0);选项，勾选其中的子项然后点击【确认】开始安装.NET Framework 3.5模块。4、系统会自动弹出Windows更新，选择;让Windows更新为您下载文件;就可以自动安装。或者可以打开连接下载http://abc.com&#34;"
".NET Framework 3.5安装方法",".NET Framework 3.5安装方法：1、打开控制面板进入;程序;，2、点击;程序和功能;左边的;启用或关闭Windows功能;。3、在打开的;Windows功能;窗口中展开;.NET Framework 3.5(包括.NET 2.0和3.0);选项，勾选其中的子项然后点击【确认】开始安装.NET Framework 3.5模块。4、系统会自动弹出Windows更新，选择;让Windows更新为您下载文件;就可以自动安装。或者可以打开连接下载http://abc.com&#34;"
"win10系统开始菜单电源选项没有关机键","如果Win10登陆界面没有关机按钮键，可尝试以下操作进行修复：1.按下Win+r打开运行，输入regedit回车，打开注册表编辑器；2.将注册表HKEY_LOCAL_MACHINE\SOFTWARE\Microsoft\Windows\CurrentVersion\Policies\System下的【shutdownwithoutlogon】32位的DWORD值修改为“1”保存后重启，关机按钮恢复出现。"
"win10系统关机选项位置","如果Win10登陆界面没有关机按钮键，可尝试以下操作进行修复：1.按下Win+r打开运行，输入regedit回车，打开注册表编辑器；2.将注册表HKEY_LOCAL_MACHINE\SOFTWARE\Microsoft\Windows\CurrentVersion\Policies\System下的【shutdownwithoutlogon】32位的DWORD值修改为“1”保存后重启，关机按钮恢复出现。"
"Win10登陆界面没有关机按钮键的解决办法","如果Win10登陆界面没有关机按钮键，可尝试以下操作进行修复：1.按下Win+r打开运行，输入regedit回车，打开注册表编辑器；2.将注册表HKEY_LOCAL_MACHINE\SOFTWARE\Microsoft\Windows\CurrentVersion\Policies\System下的【shutdownwithoutlogon】32位的DWORD值修改为“1”保存后重启，关机按钮恢复出现。"
"win10系统如何增加关机选项","如果Win10登陆界面没有关机按钮键，可尝试以下操作进行修复：1.按下Win+r打开运行，输入regedit回车，打开注册表编辑器；2.将注册表HKEY_LOCAL_MACHINE\SOFTWARE\Microsoft\Windows\CurrentVersion\Policies\System下的【shutdownwithoutlogon】32位的DWORD值修改为“1”保存后重启，关机按钮恢复出现。"
"win10系统没有关机选项","如果Win10登陆界面没有关机按钮键，可尝试以下操作进行修复：1.按下Win+r打开运行，输入regedit回车，打开注册表编辑器；2.将注册表HKEY_LOCAL_MACHINE\SOFTWARE\Microsoft\Windows\CurrentVersion\Policies\System下的【shutdownwithoutlogon】32位的DWORD值修改为“1”保存后重启，关机按钮恢复出现。"
"电脑桌面没有回收站","Win10系统里调出“此电脑”和“回收站”图标的方法：1、在Win10电脑桌面空白处鼠标右键选“个性化”选项；2、在弹出的窗口左侧先选择“主题”选项，然后选择右边的“桌面图标设置”。（如果右边没有“桌面图标设置”选项，往下拉可以找到这个设置）3、在桌面图标设置里，勾选“计算机”和“回收站”选项，然后点确定即可。"
"电脑桌面没有此电脑","Win10系统里调出“此电脑”和“回收站”图标的方法：1、在Win10电脑桌面空白处鼠标右键选“个性化”选项；2、在弹出的窗口左侧先选择“主题”选项，然后选择右边的“桌面图标设置”。（如果右边没有“桌面图标设置”选项，往下拉可以找到这个设置）3、在桌面图标设置里，勾选“计算机”和“回收站”选项，然后点确定即可。"
"win10系统中找不到进入磁盘的入口","Win10系统里调出“此电脑”和“回收站”图标的方法：1、在Win10电脑桌面空白处鼠标右键选“个性化”选项；2、在弹出的窗口左侧先选择“主题”选项，然后选择右边的“桌面图标设置”。（如果右边没有“桌面图标设置”选项，往下拉可以找到这个设置）3、在桌面图标设置里，勾选“计算机”和“回收站”选项，然后点确定即可。"
"win10电脑桌面没有“此电脑”和“回收站”图标","Win10系统里调出“此电脑”和“回收站”图标的方法：1、在Win10电脑桌面空白处鼠标右键选“个性化”选项；2、在弹出的窗口左侧先选择“主题”选项，然后选择右边的“桌面图标设置”。（如果右边没有“桌面图标设置”选项，往下拉可以找到这个设置）3、在桌面图标设置里，勾选“计算机”和“回收站”选项，然后点确定即可。"
"win11右键桌面菜单改回win10样式","Win11系统右键桌面菜单默认显示更多选项：1、菜单中搜索Powershell或CMD，以管理员方式运行；2、输入以下命令：reg add "HKCU\Software\Classes\CLSID\{86ca1aa0-34aa-4e8b-a509-50c905bae2a2}\InprocServer32" /f /ve3、回车，指令完成之后，重启电脑。"
"win11右键桌面菜单直接显示更多选项","Win11系统右键桌面菜单默认显示更多选项：1、菜单中搜索Powershell或CMD，以管理员方式运行；2、输入以下命令：reg add "HKCU\Software\Classes\CLSID\{86ca1aa0-34aa-4e8b-a509-50c905bae2a2}\InprocServer32" /f /ve3、回车，指令完成之后，重启电脑。"
"windows无权限修改系统时间","Windows电脑本地没有时间同步的按钮：电脑左下角的搜索框->输入cmd，右键以管理员身份运行，在cmd命令行依次输入如下命令运行：Net stop w32timeW32tm.exe /unregisterW32tm.exe /registernet start w32timeW32tm.exe /resync /force执行完上述5条命令后，本地时间即可同步。"
"笔记本没在权限修改时钟的权限","Windows电脑本地没有时间同步的按钮：电脑左下角的搜索框->输入cmd，右键以管理员身份运行，在cmd命令行依次输入如下命令运行：Net stop w32timeW32tm.exe /unregisterW32tm.exe /registernet start w32timeW32tm.exe /resync /force执行完上述5条命令后，本地时间即可同步。"
"删除windows环境变量","Windows系统环境变量添加：Win10主机：同时按键盘的win+R键->输入control，点击确定，进入控制面板->点击系统与安全->点击系统->单击高级系统设置->单击环境变量->添加环境变量、删除环境变量、编辑环境变量"
"添加windows环境变量","Windows系统环境变量添加：Win10主机：同时按键盘的win+R键->输入control，点击确定，进入控制面板->点击系统与安全->点击系统->单击高级系统设置->单击环境变量->添加环境变量、删除环境变量、编辑环境变量"
"编辑windows环境变量","Windows系统环境变量添加：Win10主机：同时按键盘的win+R键->输入control，点击确定，进入控制面板->点击系统与安全->点击系统->单击高级系统设置->单击环境变量->添加环境变量、删除环境变量、编辑环境变量"
"批量合并excel文件至一个表","合并工作表操作步骤如下：1、新建一个excel文件，执行以下操作时要合并的excel文件要处于关闭状态。2、打开新建的excel文件，找到数据菜单栏中的获取和转换数据功能区，点击获取数据功能，在其下拉框中选择【自文件】-【从文件夹】。3、选择要合并的excel文件所在的文件夹路径。4、在弹出的窗口中选择右下角的【组合】-【合并和加载】。5、在弹出的合并文件窗口中点击确定，合并完成。"
"excel怎样合并报表","合并工作表操作步骤如下：1、新建一个excel文件，执行以下操作时要合并的excel文件要处于关闭状态。2、打开新建的excel文件，找到数据菜单栏中的获取和转换数据功能区，点击获取数据功能，在其下拉框中选择【自文件】-【从文件夹】。3、选择要合并的excel文件所在的文件夹路径。4、在弹出的窗口中选择右下角的【组合】-【合并和加载】。5、在弹出的合并文件窗口中点击确定，合并完成。"
"excel工作表如何合并","合并工作表操作步骤如下：1、新建一个excel文件，执行以下操作时要合并的excel文件要处于关闭状态。2、打开新建的excel文件，找到数据菜单栏中的获取和转换数据功能区，点击获取数据功能，在其下拉框中选择【自文件】-【从文件夹】。3、选择要合并的excel文件所在的文件夹路径。4、在弹出的窗口中选择右下角的【组合】-【合并和加载】。5、在弹出的合并文件窗口中点击确定，合并完成。"
"合并excel工作表的操作方法","合并工作表操作步骤如下：1、新建一个excel文件，执行以下操作时要合并的excel文件要处于关闭状态。2、打开新建的excel文件，找到数据菜单栏中的获取和转换数据功能区，点击获取数据功能，在其下拉框中选择【自文件】-【从文件夹】。3、选择要合并的excel文件所在的文件夹路径。4、在弹出的窗口中选择右下角的【组合】-【合并和加载】。5、在弹出的合并文件窗口中点击确定，合并完成。"
"excel不能显示内容","Excel能正常打开文件，打开文件也没有报错，但是打开后文件不显示内容原因：此类文件一般都是接收的别处文件，本地office字体库不支持显示当前文件使用的字体。解决方法：使用组合键ctrl+a全选该文件内容，然后统一修改字体为“微软雅黑”。"
"excel打开后不显示内容","Excel能正常打开文件，打开文件也没有报错，但是打开后文件不显示内容原因：此类文件一般都是接收的别处文件，本地office字体库不支持显示当前文件使用的字体。解决方法：使用组合键ctrl+a全选该文件内容，然后统一修改字体为“微软雅黑”。"
"excel打开后行列设置不了","Excel能正常打开文件，打开文件也没有报错，但是打开后文件不显示内容原因：此类文件一般都是接收的别处文件，本地office字体库不支持显示当前文件使用的字体。解决方法：使用组合键ctrl+a全选该文件内容，然后统一修改字体为“微软雅黑”。"
"excel打开后是灰色的","Excel能正常打开文件，打开文件也没有报错，但是打开后文件不显示内容原因：此类文件一般都是接收的别处文件，本地office字体库不支持显示当前文件使用的字体。解决方法：使用组合键ctrl+a全选该文件内容，然后统一修改字体为“微软雅黑”。"
"excel有内容但是打开不显示","Excel能正常打开文件，打开文件也没有报错，但是打开后文件不显示内容原因：此类文件一般都是接收的别处文件，本地office字体库不支持显示当前文件使用的字体。解决方法：使用组合键ctrl+a全选该文件内容，然后统一修改字体为“微软雅黑”。"
"如何取消excel输入网址自动变成超链接","Excel表格取消网址超链接，可通过以下步骤完成：1.在excel表格中，依次点击左上方【文件】-【选项】；2.弹出对话框后，依次点击【校对】-【自动更正选项】；3..在自动更正窗口，选择【键入时自动套用格式】；4.将第一个选项【Internet及网络路径替换为超链接】勾选取消，点击确定；"
"excel中网址不设置成超链接","Excel表格取消网址超链接，可通过以下步骤完成：1.在excel表格中，依次点击左上方【文件】-【选项】；2.弹出对话框后，依次点击【校对】-【自动更正选项】；3..在自动更正窗口，选择【键入时自动套用格式】；4.将第一个选项【Internet及网络路径替换为超链接】勾选取消，点击确定；"
"怎样关闭excel中网址转换超链接功能","Excel表格取消网址超链接，可通过以下步骤完成：1.在excel表格中，依次点击左上方【文件】-【选项】；2.弹出对话框后，依次点击【校对】-【自动更正选项】；3..在自动更正窗口，选择【键入时自动套用格式】；4.将第一个选项【Internet及网络路径替换为超链接】勾选取消，点击确定；"
"ecxel单元格内容取消超链接","Excel表格取消网址超链接，可通过以下步骤完成：1.在excel表格中，依次点击左上方【文件】-【选项】；2.弹出对话框后，依次点击【校对】-【自动更正选项】；3..在自动更正窗口，选择【键入时自动套用格式】；4.将第一个选项【Internet及网络路径替换为超链接】勾选取消，点击确定；"
"excel输入网址就变成超链接","Excel表格取消网址超链接，可通过以下步骤完成：1.在excel表格中，依次点击左上方【文件】-【选项】；2.弹出对话框后，依次点击【校对】-【自动更正选项】；3..在自动更正窗口，选择【键入时自动套用格式】；4.将第一个选项【Internet及网络路径替换为超链接】勾选取消，点击确定；"
"如何查询host文件","hosts文件位置：在电脑同时按下win+r键，然后输入C:\Windows\System32\drivers\etc"
"host文件如何访问","hosts文件位置：在电脑同时按下win+r键，然后输入C:\Windows\System32\drivers\etc"
"host文件访问路径","hosts文件位置：在电脑同时按下win+r键，然后输入C:\Windows\System32\drivers\etc"
"电脑如何查看host文件","hosts文件位置：在电脑同时按下win+r键，然后输入C:\Windows\System32\drivers\etc"
"host文件储存位置","hosts文件位置：在电脑同时按下win+r键，然后输入C:\Windows\System32\drivers\etc"
"windows系统清理系统升级文件","windows系统升级文件清理操作方法：1.进入系统桌面，双击此电脑打开，然后鼠标右键C盘，选择属性打开，进入下一步；2.在打开的磁盘属性界面点击磁盘清理，进入下一步；3.这是系统会自动扫描电脑中存在的垃圾文件，耐心等待即可；4.扫描结果出来之后，点击界面左下方的清理系统文件按钮，进入下一步；5.这是系统会扫描电脑中的系统更新文件和驱动包文件，耐心等待即可；6.出现扫描结果后，将需要删除的文件勾选，然后点击确定按钮，进入下一步；7.在弹出的磁盘清理提示框中，点击删除文件，进入下一步；8.接下来系统就会自动清理各种垃圾了，耐心等待清理完毕即可；"
"windows系统垃圾清理","windows系统升级文件清理操作方法：1.进入系统桌面，双击此电脑打开，然后鼠标右键C盘，选择属性打开，进入下一步；2.在打开的磁盘属性界面点击磁盘清理，进入下一步；3.这是系统会自动扫描电脑中存在的垃圾文件，耐心等待即可；4.扫描结果出来之后，点击界面左下方的清理系统文件按钮，进入下一步；5.这是系统会扫描电脑中的系统更新文件和驱动包文件，耐心等待即可；6.出现扫描结果后，将需要删除的文件勾选，然后点击确定按钮，进入下一步；7.在弹出的磁盘清理提示框中，点击删除文件，进入下一步；8.接下来系统就会自动清理各种垃圾了，耐心等待清理完毕即可；"
"windows系统清理C盘空间","windows系统升级文件清理操作方法：1.进入系统桌面，双击此电脑打开，然后鼠标右键C盘，选择属性打开，进入下一步；2.在打开的磁盘属性界面点击磁盘清理，进入下一步；3.这是系统会自动扫描电脑中存在的垃圾文件，耐心等待即可；4.扫描结果出来之后，点击界面左下方的清理系统文件按钮，进入下一步；5.这是系统会扫描电脑中的系统更新文件和驱动包文件，耐心等待即可；6.出现扫描结果后，将需要删除的文件勾选，然后点击确定按钮，进入下一步；7.在弹出的磁盘清理提示框中，点击删除文件，进入下一步；8.接下来系统就会自动清理各种垃圾了，耐心等待清理完毕即可；"
"电脑磁盘清理","windows系统升级文件清理操作方法：1.进入系统桌面，双击此电脑打开，然后鼠标右键C盘，选择属性打开，进入下一步；2.在打开的磁盘属性界面点击磁盘清理，进入下一步；3.这是系统会自动扫描电脑中存在的垃圾文件，耐心等待即可；4.扫描结果出来之后，点击界面左下方的清理系统文件按钮，进入下一步；5.这是系统会扫描电脑中的系统更新文件和驱动包文件，耐心等待即可；6.出现扫描结果后，将需要删除的文件勾选，然后点击确定按钮，进入下一步；7.在弹出的磁盘清理提示框中，点击删除文件，进入下一步；8.接下来系统就会自动清理各种垃圾了，耐心等待清理完毕即可；"
"word空白页如何删除","Word删除空白页操作步骤如下：1.点击【开始】页面最上方有一个【开始】的选项，选择点击。2.点击【文字排版】找到【文字排版】选项后点击可以看到下拉选项。3.点击【删除】在【文字排版】下拉选项里有个【删除】，点击【删除】。4.点击【删除空白页】在【删除】下拉选项里有个【删除空白页】，点击之后就可以把多余的空白页面删去。"
"如何删除word中的空白页","Word删除空白页操作步骤如下：1.点击【开始】页面最上方有一个【开始】的选项，选择点击。2.点击【文字排版】找到【文字排版】选项后点击可以看到下拉选项。3.点击【删除】在【文字排版】下拉选项里有个【删除】，点击【删除】。4.点击【删除空白页】在【删除】下拉选项里有个【删除空白页】，点击之后就可以把多余的空白页面删去。"
"word空白页删除方法","Word删除空白页操作步骤如下：1.点击【开始】页面最上方有一个【开始】的选项，选择点击。2.点击【文字排版】找到【文字排版】选项后点击可以看到下拉选项。3.点击【删除】在【文字排版】下拉选项里有个【删除】，点击【删除】。4.点击【删除空白页】在【删除】下拉选项里有个【删除空白页】，点击之后就可以把多余的空白页面删去。"
"word怎么删除多余的空白页","Word删除空白页操作步骤如下：1.点击【开始】页面最上方有一个【开始】的选项，选择点击。2.点击【文字排版】找到【文字排版】选项后点击可以看到下拉选项。3.点击【删除】在【文字排版】下拉选项里有个【删除】，点击【删除】。4.点击【删除空白页】在【删除】下拉选项里有个【删除空白页】，点击之后就可以把多余的空白页面删去。"
"word文档中怎么删除空白页","Word删除空白页操作步骤如下：1.点击【开始】页面最上方有一个【开始】的选项，选择点击。2.点击【文字排版】找到【文字排版】选项后点击可以看到下拉选项。3.点击【删除】在【文字排版】下拉选项里有个【删除】，点击【删除】。4.点击【删除空白页】在【删除】下拉选项里有个【删除空白页】，点击之后就可以把多余的空白页面删去。"
"安装有道词典后，表格中复制粘贴快捷键失灵","Excel中的复制快捷键失灵：安装有道词典后，发现Excel或其他办公软件中复制粘贴快捷键（ctrl+c；ctrl+v）失灵等情况；这是因为有道词典划词翻译默认设置与系统中选择功能相冲突引起的，这一现象在Excel中表现最为明显，最直接的解决办法是:右击有道词典-设置-划词设置-展示方式-（修改为）双击ctrl展示结果。"
"Excel无法用快捷键复制","Excel中的复制快捷键失灵：安装有道词典后，发现Excel或其他办公软件中复制粘贴快捷键（ctrl+c；ctrl+v）失灵等情况；这是因为有道词典划词翻译默认设置与系统中选择功能相冲突引起的，这一现象在Excel中表现最为明显，最直接的解决办法是:右击有道词典-设置-划词设置-展示方式-（修改为）双击ctrl展示结果。"
"Ctrl+c失灵","Excel中的复制快捷键失灵：安装有道词典后，发现Excel或其他办公软件中复制粘贴快捷键（ctrl+c；ctrl+v）失灵等情况；这是因为有道词典划词翻译默认设置与系统中选择功能相冲突引起的，这一现象在Excel中表现最为明显，最直接的解决办法是:右击有道词典-设置-划词设置-展示方式-（修改为）双击ctrl展示结果。"
"Excel中无法使用Ctrl+c","Excel中的复制快捷键失灵：安装有道词典后，发现Excel或其他办公软件中复制粘贴快捷键（ctrl+c；ctrl+v）失灵等情况；这是因为有道词典划词翻译默认设置与系统中选择功能相冲突引起的，这一现象在Excel中表现最为明显，最直接的解决办法是:右击有道词典-设置-划词设置-展示方式-（修改为）双击ctrl展示结果。"
"“当前的安全设置不允许从该位置下载文件”如何解决","使用FTP下载文件时，提示：“当前的安全设置不允许从该位置下载文件”如使用FTP下载文件提示此信息，请检查浏览器设置：此报错为IE浏览器设置问题，打开【IE浏览器】，点击右上角齿轮按钮，选择【Internet选项】，选中【安全】选项卡，区域选择【Internet】，在【自定义级别】中找到【文件下载】，勾选中即可。"
"无法从ftp复制文件至本地怎么办","使用FTP下载文件时，提示：“当前的安全设置不允许从该位置下载文件”如使用FTP下载文件提示此信息，请检查浏览器设置：此报错为IE浏览器设置问题，打开【IE浏览器】，点击右上角齿轮按钮，选择【Internet选项】，选中【安全】选项卡，区域选择【Internet】，在【自定义级别】中找到【文件下载】，勾选中即可。"
"使用FTP无法下载文件","使用FTP下载文件时，提示：“当前的安全设置不允许从该位置下载文件”如使用FTP下载文件提示此信息，请检查浏览器设置：此报错为IE浏览器设置问题，打开【IE浏览器】，点击右上角齿轮按钮，选择【Internet选项】，选中【安全】选项卡，区域选择【Internet】，在【自定义级别】中找到【文件下载】，勾选中即可。"
"FTP下载文件提示错误","使用FTP下载文件时，提示：“当前的安全设置不允许从该位置下载文件”如使用FTP下载文件提示此信息，请检查浏览器设置：此报错为IE浏览器设置问题，打开【IE浏览器】，点击右上角齿轮按钮，选择【Internet选项】，选中【安全】选项卡，区域选择【Internet】，在【自定义级别】中找到【文件下载】，勾选中即可。"
"怎么处理“当前的安全设置不允许从该位置下载文件”","使用FTP下载文件时，提示：“当前的安全设置不允许从该位置下载文件”如使用FTP下载文件提示此信息，请检查浏览器设置：此报错为IE浏览器设置问题，打开【IE浏览器】，点击右上角齿轮按钮，选择【Internet选项】，选中【安全】选项卡，区域选择【Internet】，在【自定义级别】中找到【文件下载】，勾选中即可。"
"只读文件如何编辑","保存或另存文件提示文件为只读文件无法保存的处理办法：右键文件点击属性，查看常规选项卡属性一栏是否勾选只读，如是取消勾选，或者不要直接在网页上编辑文档。"
"如何修改文件只读属性","保存或另存文件提示文件为只读文件无法保存的处理办法：右键文件点击属性，查看常规选项卡属性一栏是否勾选只读，如是取消勾选，或者不要直接在网页上编辑文档。"
"另存文件提示文件为只读文件无法保存","保存或另存文件提示文件为只读文件无法保存的处理办法：右键文件点击属性，查看常规选项卡属性一栏是否勾选只读，如是取消勾选，或者不要直接在网页上编辑文档。"
"保存文件提示文件为只读文件无法保存","保存或另存文件提示文件为只读文件无法保存的处理办法：右键文件点击属性，查看常规选项卡属性一栏是否勾选只读，如是取消勾选，或者不要直接在网页上编辑文档。"
"只读文件如何保存","保存或另存文件提示文件为只读文件无法保存的处理办法：右键文件点击属性，查看常规选项卡属性一栏是否勾选只读，如是取消勾选，或者不要直接在网页上编辑文档。"
"如何修改JPG文件默认打开程序","修改图片默认打开程序的方法，先选中文件->右键->属性->常规选项卡中 “打开方式”后面点击“更改，然后选中要用来打开图片的应用，确定即可。"
"如何修改图片打开程序","修改图片默认打开程序的方法，先选中文件->右键->属性->常规选项卡中 “打开方式”后面点击“更改，然后选中要用来打开图片的应用，确定即可。"
"如何修改png默认打开程序","修改图片默认打开程序的方法，先选中文件->右键->属性->常规选项卡中 “打开方式”后面点击“更改，然后选中要用来打开图片的应用，确定即可。"
"windows10如何修改图片打开程序","修改图片默认打开程序的方法，先选中文件->右键->属性->常规选项卡中 “打开方式”后面点击“更改，然后选中要用来打开图片的应用，确定即可。"
"远程访问工具申请流程","远程软件：在办公门户首页-IT专区-自助服务中起草《网络权限申请单》，申请类型选择;远程访问工具使用;，提交后自动审批结束，5分钟后接收邮件，获取账号、密码、客户端下载地址，安装登录后，发送本机识别码给外部人员即可注意事项：1. 安装时选择默认路径2. 同一个用户在一个有效期内只能申请一个账号"
"远程访问工具如何申请","远程软件：在办公门户首页-IT专区-自助服务中起草《网络权限申请单》，申请类型选择;远程访问工具使用;，提交后自动审批结束，5分钟后接收邮件，获取账号、密码、客户端下载地址，安装登录后，发送本机识别码给外部人员即可注意事项：1. 安装时选择默认路径2. 同一个用户在一个有效期内只能申请一个账号"
"电脑使用远程软件方法","远程软件：在办公门户首页-IT专区-自助服务中起草《网络权限申请单》，申请类型选择;远程访问工具使用;，提交后自动审批结束，5分钟后接收邮件，获取账号、密码、客户端下载地址，安装登录后，发送本机识别码给外部人员即可注意事项：1. 安装时选择默认路径2. 同一个用户在一个有效期内只能申请一个账号"
"远程软件如何申请","远程软件：在办公门户首页-IT专区-自助服务中起草《网络权限申请单》，申请类型选择;远程访问工具使用;，提交后自动审批结束，5分钟后接收邮件，获取账号、密码、客户端下载地址，安装登录后，发送本机识别码给外部人员即可注意事项：1. 安装时选择默认路径2. 同一个用户在一个有效期内只能申请一个账号"
"电脑如何申请使用远程软件","远程软件：在办公门户首页-IT专区-自助服务中起草《网络权限申请单》，申请类型选择;远程访问工具使用;，提交后自动审批结束，5分钟后接收邮件，获取账号、密码、客户端下载地址，安装登录后，发送本机识别码给外部人员即可注意事项：1. 安装时选择默认路径2. 同一个用户在一个有效期内只能申请一个账号"
"电脑加域后如何设置ntp同步时间","加域电脑时间同步默认是域控服务器，需要同步时间：搜索框->输入cmd，右键以管理员身份运行cmd，然后入w32tm /resync命令同步时间。"
"域内电脑如何同步时间","加域电脑时间同步默认是域控服务器，需要同步时间：搜索框->输入cmd，右键以管理员身份运行cmd，然后入w32tm /resync命令同步时间。"
"加域电脑如何设置时间","加域电脑时间同步默认是域控服务器，需要同步时间：搜索框->输入cmd，右键以管理员身份运行cmd，然后入w32tm /resync命令同步时间。"
"双击图标显示文件属性","如果您双击桌面图标弹出属性窗口，请检查键盘“Alt“”键是否卡住，尝试多按几次Alt键之后，再点击图标打开尝试。"
"不能双击打开文件","如果您双击桌面图标弹出属性窗口，请检查键盘“Alt“”键是否卡住，尝试多按几次Alt键之后，再点击图标打开尝试。"
"双击图标显示属性如何修改","如果您双击桌面图标弹出属性窗口，请检查键盘“Alt“”键是否卡住，尝试多按几次Alt键之后，再点击图标打开尝试。"
"更改鼠标双击的功能","如果您双击桌面图标弹出属性窗口，请检查键盘“Alt“”键是否卡住，尝试多按几次Alt键之后，再点击图标打开尝试。"
"双击图标不能打开文件","如果您双击桌面图标弹出属性窗口，请检查键盘“Alt“”键是否卡住，尝试多按几次Alt键之后，再点击图标打开尝试。"
"如何备份浏览器收藏夹","备份浏览器收藏夹的方法：谷歌Chome浏览器：1.进行选中右上角的位置设置的选项的按钮，弹出了下拉菜单中进行选择为书签的选项菜单。2.弹出了下一级菜单中，进行选择书签管理器的选项菜单。3.进入到了书签管理器中之后，选中;导出书签;。4.然后进行选中要保存的电脑中路径位置当中。5.此时可以在您选择的目录下看到查看到导出的书签html文件。将文件备份或发送至其他电脑中。6.在新的电脑上，打开浏览器，找到上一步骤的4中所示界面,选择;导入书签;,导入拷贝的书签文件即可。火狐Firefox浏览器：1.点击右上角的设置按钮，选择书签;然后,选择管理书签;。2.在弹出的;我的足迹;窗口中,选中需要导出的书签文件夹后点击;导出书签到HTML;3.保存书签文件到本地4.在您选择的位置上可以看到保存下来的书签文件，将文件备份或发送至其他电脑中。5.在新的电脑上，打开浏览器，找到上一步骤的2中所示界面,选择;从HTML文件导入书签;,导入拷贝的书签文件即可。详细图文手册：http://abc.com&#34;"
"收藏夹如何备份","备份浏览器收藏夹的方法：谷歌Chome浏览器：1.进行选中右上角的位置设置的选项的按钮，弹出了下拉菜单中进行选择为书签的选项菜单。2.弹出了下一级菜单中，进行选择书签管理器的选项菜单。3.进入到了书签管理器中之后，选中;导出书签;。4.然后进行选中要保存的电脑中路径位置当中。5.此时可以在您选择的目录下看到查看到导出的书签html文件。将文件备份或发送至其他电脑中。6.在新的电脑上，打开浏览器，找到上一步骤的4中所示界面,选择;导入书签;,导入拷贝的书签文件即可。火狐Firefox浏览器：1.点击右上角的设置按钮，选择书签;然后,选择管理书签;。2.在弹出的;我的足迹;窗口中,选中需要导出的书签文件夹后点击;导出书签到HTML;3.保存书签文件到本地4.在您选择的位置上可以看到保存下来的书签文件，将文件备份或发送至其他电脑中。5.在新的电脑上，打开浏览器，找到上一步骤的2中所示界面,选择;从HTML文件导入书签;,导入拷贝的书签文件即可。详细图文手册：http://abc.com&#34;"
"如何导入收藏夹","备份浏览器收藏夹的方法：谷歌Chome浏览器：1.进行选中右上角的位置设置的选项的按钮，弹出了下拉菜单中进行选择为书签的选项菜单。2.弹出了下一级菜单中，进行选择书签管理器的选项菜单。3.进入到了书签管理器中之后，选中;导出书签;。4.然后进行选中要保存的电脑中路径位置当中。5.此时可以在您选择的目录下看到查看到导出的书签html文件。将文件备份或发送至其他电脑中。6.在新的电脑上，打开浏览器，找到上一步骤的4中所示界面,选择;导入书签;,导入拷贝的书签文件即可。火狐Firefox浏览器：1.点击右上角的设置按钮，选择书签;然后,选择管理书签;。2.在弹出的;我的足迹;窗口中,选中需要导出的书签文件夹后点击;导出书签到HTML;3.保存书签文件到本地4.在您选择的位置上可以看到保存下来的书签文件，将文件备份或发送至其他电脑中。5.在新的电脑上，打开浏览器，找到上一步骤的2中所示界面,选择;从HTML文件导入书签;,导入拷贝的书签文件即可。详细图文手册：http://abc.com&#34;"
"收藏夹保存位置","备份浏览器收藏夹的方法：谷歌Chome浏览器：1.进行选中右上角的位置设置的选项的按钮，弹出了下拉菜单中进行选择为书签的选项菜单。2.弹出了下一级菜单中，进行选择书签管理器的选项菜单。3.进入到了书签管理器中之后，选中;导出书签;。4.然后进行选中要保存的电脑中路径位置当中。5.此时可以在您选择的目录下看到查看到导出的书签html文件。将文件备份或发送至其他电脑中。6.在新的电脑上，打开浏览器，找到上一步骤的4中所示界面,选择;导入书签;,导入拷贝的书签文件即可。火狐Firefox浏览器：1.点击右上角的设置按钮，选择书签;然后,选择管理书签;。2.在弹出的;我的足迹;窗口中,选中需要导出的书签文件夹后点击;导出书签到HTML;3.保存书签文件到本地4.在您选择的位置上可以看到保存下来的书签文件，将文件备份或发送至其他电脑中。5.在新的电脑上，打开浏览器，找到上一步骤的2中所示界面,选择;从HTML文件导入书签;,导入拷贝的书签文件即可。详细图文手册：http://abc.com&#34;"
"如何导出收藏夹","备份浏览器收藏夹的方法：谷歌Chome浏览器：1.进行选中右上角的位置设置的选项的按钮，弹出了下拉菜单中进行选择为书签的选项菜单。2.弹出了下一级菜单中，进行选择书签管理器的选项菜单。3.进入到了书签管理器中之后，选中;导出书签;。4.然后进行选中要保存的电脑中路径位置当中。5.此时可以在您选择的目录下看到查看到导出的书签html文件。将文件备份或发送至其他电脑中。6.在新的电脑上，打开浏览器，找到上一步骤的4中所示界面,选择;导入书签;,导入拷贝的书签文件即可。火狐Firefox浏览器：1.点击右上角的设置按钮，选择书签;然后,选择管理书签;。2.在弹出的;我的足迹;窗口中,选中需要导出的书签文件夹后点击;导出书签到HTML;3.保存书签文件到本地4.在您选择的位置上可以看到保存下来的书签文件，将文件备份或发送至其他电脑中。5.在新的电脑上，打开浏览器，找到上一步骤的2中所示界面,选择;从HTML文件导入书签;,导入拷贝的书签文件即可。详细图文手册：http://abc.com&#34;"
"如何更改打开方式","程序默认打开方式可以按下面的方法修改：打开电脑控制面板--程序--默认程序设置，在此处修改文档的打开方式或者选中任意文件右键点击打开方式，选择默认程序后勾选始终使用此程序打开此类文件"
"更改程序的默认打开方式","程序默认打开方式可以按下面的方法修改：打开电脑控制面板--程序--默认程序设置，在此处修改文档的打开方式或者选中任意文件右键点击打开方式，选择默认程序后勾选始终使用此程序打开此类文件"
"程序打开方式如何恢复默认","程序默认打开方式可以按下面的方法修改：打开电脑控制面板--程序--默认程序设置，在此处修改文档的打开方式或者选中任意文件右键点击打开方式，选择默认程序后勾选始终使用此程序打开此类文件"
"怎么更改程序的默认打开方式","程序默认打开方式可以按下面的方法修改：打开电脑控制面板--程序--默认程序设置，在此处修改文档的打开方式或者选中任意文件右键点击打开方式，选择默认程序后勾选始终使用此程序打开此类文件"
"修改默认打开方式的方法","程序默认打开方式可以按下面的方法修改：打开电脑控制面板--程序--默认程序设置，在此处修改文档的打开方式或者选中任意文件右键点击打开方式，选择默认程序后勾选始终使用此程序打开此类文件"
"如何取消office加载项","减少Office软件加载项：首先创建一个新的Office文件，然后点击进去，点击文件、选项、加载项。根据自己需求进行加载项的增删操作即可。"
"如何修改office的加载项","减少Office软件加载项：首先创建一个新的Office文件，然后点击进去，点击文件、选项、加载项。根据自己需求进行加载项的增删操作即可。"
"如何修改Office软件加载项","减少Office软件加载项：首先创建一个新的Office文件，然后点击进去，点击文件、选项、加载项。根据自己需求进行加载项的增删操作即可。"
"office加载项设置","减少Office软件加载项：首先创建一个新的Office文件，然后点击进去，点击文件、选项、加载项。根据自己需求进行加载项的增删操作即可。"
"关闭office加载项","减少Office软件加载项：首先创建一个新的Office文件，然后点击进去，点击文件、选项、加载项。根据自己需求进行加载项的增删操作即可。"
"开启IE模式的方法","如何在Microsoft Edge上启用IE模式:1.在Windows 11上打开Microsoft Edge。2.单击右上角的设置和更多(省略号)按钮。3.选择”设置'选项。4.单击默认浏览器。5.在"Internet Explorer兼容性’部分下，开"允许在Internet Explorer模式下重新加载网站”切换开关。6.单击重新启动按钮。"
"如何IE浏览器模式打开网址","如何在Microsoft Edge上启用IE模式:1.在Windows 11上打开Microsoft Edge。2.单击右上角的设置和更多(省略号)按钮。3.选择”设置'选项。4.单击默认浏览器。5.在"Internet Explorer兼容性’部分下，开"允许在Internet Explorer模式下重新加载网站”切换开关。6.单击重新启动按钮。"
"IE模式如何设置","如何在Microsoft Edge上启用IE模式:1.在Windows 11上打开Microsoft Edge。2.单击右上角的设置和更多(省略号)按钮。3.选择”设置'选项。4.单击默认浏览器。5.在"Internet Explorer兼容性’部分下，开"允许在Internet Explorer模式下重新加载网站”切换开关。6.单击重新启动按钮。"
"网址以IE浏览器模式访问","如何在Microsoft Edge上启用IE模式:1.在Windows 11上打开Microsoft Edge。2.单击右上角的设置和更多(省略号)按钮。3.选择”设置'选项。4.单击默认浏览器。5.在"Internet Explorer兼容性’部分下，开"允许IE模式功能","如何在Microsoft Edge上启用IE模式:1.在Windows 11上打开Microsoft Edge。2.单击右上角的设置和更多(省略号)按钮。3.选择”设置'选项。4.单击默认浏览器。5.在"Internet Explorer兼容性’部分下，开"允许在Internet Explorer模式下重新加载网站”切换开关。6.单击重新启动按钮。"
"如何打开IE模式功能","如何在Microsoft Edge上启用IE模式:1.在Windows 11上打开Microsoft Edge。2.单击右上角的设置和更多(省略号)按钮。3.选择”设置'选项。4.单击默认浏览器。5.在"Internet Explorer兼容性’部分下，开"允许在Internet Explorer模式下重新加载网站”切换开关。6.单击重新启动按钮。"
"借用电脑","申请借用机：请在办公门户首页-IT专区-自助服务中起草 《IT资产管理审批单》，计算机类型选择借用机。若需出国，请附出境出差审批单截图。S01属地：1.申请笔记本需要先提交《一般报告审批单（智慧终端）》，说明申请笔记本的理由，签核至本部门中心长和SBU总经理，签核完成后，提交《IT资产管理审批单》并将上述签核记录作为附件，提交申请；2.申请台式机直接提交提交《IT资产管理审批单》"
"借用机申请流程","申请借用机：请在办公门户首页-IT专区-自助服务中起草 《IT资产管理审批单》，计算机类型选择借用机。若需出国，请附出境出差审批单截图。S01属地：1.申请笔记本需要先提交《一般报告审批单（智慧终端）》，说明申请笔记本的理由，签核至本部门中心长和SBU总经理，签核完成后，提交《IT资产管理审批单》并将上述签核记录作为附件，提交申请；2.申请台式机直接提交提交《IT资产管理审批单》"
"如何申请借用电脑","申请借用机：请在办公门户首页-IT专区-自助服务中起草 《IT资产管理审批单》，计算机类型选择借用机。若需出国，请附出境出差审批单截图。S01属地：1.申请笔记本需要先提交《一般报告审批单（智慧终端）》，说明申请笔记本的理由，签核至本部门中心长和SBU总经理，签核完成后，提交《IT资产管理审批单》并将上述签核记录作为附件，提交申请；2.申请台式机直接提交提交《IT资产管理审批单》"
"申请借用机","申请借用机：请在办公门户首页-IT专区-自助服务中起草 《IT资产管理审批单》，计算机类型选择借用机。若需出国，请附出境出差审批单截图。S01属地：1.申请笔记本需要先提交《一般报告审批单（智慧终端）》，说明申请笔记本的理由，签核至本部门中心长和SBU总经理，签核完成后，提交《IT资产管理审批单》并将上述签核记录作为附件，提交申请；2.申请台式机直接提交提交《IT资产管理审批单》"
"如何申请借用机","申请借用机：请在办公门户首页-IT专区-自助服务中起草 《IT资产管理审批单》，计算机类型选择借用机。若需出国，请附出境出差审批单截图。S01属地：1.申请笔记本需要先提交《一般报告审批单（智慧终端）》，说明申请笔记本的理由，签核至本部门中心长和SBU总经理，签核完成后，提交《IT资产管理审批单》并将上述签核记录作为附件，提交申请；2.申请台式机直接提交提交《IT资产管理审批单》"
"计算机远程桌面开启方式","开启计算机远程方法：Windows7:1、在桌面或开始菜单栏中找到;计算机;右键-属性2、在弹出窗口点击左侧远程设置3、远程协助一栏勾选;允许远程协助连接这台计算机;，远程桌面一栏选择;允许运行任意版本远程桌面计算机连接;，点击确定即可Windows10:1、在桌面或打开任意文件夹左侧的;快速访问;中找到;此电脑;右键-属性2、在弹出窗口点击左侧远程设置3、在远程协助一栏勾选;允许远程协助连接这台计算机;远程桌面一栏选择;允许远程连接到此电脑;同时取消勾选下方的;仅允许运行使用网络级别身份验证的远程桌面的计算机连接;点击确定即可详细图文操作手册：http://abc.com&#34;"
"电脑远程桌面设置","开启计算机远程方法：Windows7:1、在桌面或开始菜单栏中找到;计算机;右键-属性2、在弹出窗口点击左侧远程设置3、远程协助一栏勾选;允许远程协助连接这台计算机;，远程桌面一栏选择;允许运行任意版本远程桌面计算机连接;，点击确定即可Windows10:1、在桌面或打开任意文件夹左侧的;快速访问;中找到;此电脑;右键-属性2、在弹出窗口点击左侧远程设置3、在远程协助一栏勾选;允许远程协助连接这台计算机;远程桌面一栏选择;允许远程连接到此电脑;同时取消勾选下方的;仅允许运行使用网络级别身份验证的远程桌面的计算机连接;点击确定即可详细图文操作手册：http://abc.com&#34;"
"如何设置让别人远程自己电脑","开启计算机远程方法：Windows7:1、在桌面或开始菜单栏中找到;计算机;右键-属性2、在弹出窗口点击左侧远程设置3、远程协助一栏勾选;允许远程协助连接这台计算机;，远程桌面一栏选择;允许运行任意版本远程桌面计算机连接;，点击确定即可Windows10:1、在桌面或打开任意文件夹左侧的;快速访问;中找到;此电脑;右键-属性2、在弹出窗口点击左侧远程设置3、在远程协助一栏勾选;允许远程协助连接这台计算机;远程桌面一栏选择;允许远程连接到此电脑;同时取消勾选下方的;仅允许运行使用网络级别身份验证的远程桌面的计算机连接;点击确定即可详细图文操作手册：http://abc.com&#34;"
"如何开启远程桌面","开启计算机远程方法：Windows7:1、在桌面或开始菜单栏中找到;计算机;右键-属性2、在弹出窗口点击左侧远程设置3、远程协助一栏勾选;允许远程协助连接这台计算机;，远程桌面一栏选择;允许运行任意版本远程桌面计算机连接;，点击确定即可Windows10:1、在桌面或打开任意文件夹左侧的;快速访问;中找到;此电脑;右键-属性2、在弹出窗口点击左侧远程设置3、在远程协助一栏勾选;允许远程协助连接这台计算机;远程桌面一栏选择;允许远程连接到此电脑;同时取消勾选下方的;仅允许运行使用网络级别身份验证的远程桌面的计算机连接;点击确定即可详细图文操作手册：http://abc.com&#34;"
"如何远程其他电脑","开启计算机远程方法：Windows7:1、在桌面或开始菜单栏中找到;计算机;右键-属性2、在弹出窗口点击左侧远程设置3、远程协助一栏勾选;允许远程协助连接这台计算机;，远程桌面一栏选择;允许运行任意版本远程桌面计算机连接;，点击确定即可Windows10:1、在桌面或打开任意文件夹左侧的;快速访问;中找到;此电脑;右键-属性2、在弹出窗口点击左侧远程设置3、在远程协助一栏勾选;允许远程协助连接这台计算机;远程桌面一栏选择;允许远程连接到此电脑;同时取消勾选下方的;仅允许运行使用网络级别身份验证的远程桌面的计算机连接;点击确定即可详细图文操作手册：http://abc.com&#34;"
"开机登录提示“此工作站和主域间的信任关系失败 ”如何处理","开机登录提示“此工作站和主域间的信任关系失败  ”说明计算机脱域，请转人工或联系您属地IT重新加域后使用。"
"电脑脱域","开机登录提示“此工作站和主域间的信任关系失败  ”说明计算机脱域，请转人工或联系您属地IT重新加域后使用。"
"电脑开机登录报错","开机登录提示“此工作站和主域间的信任关系失败  ”说明计算机脱域，请转人工或联系您属地IT重新加域后使用。"
"此工作站和主域间的信任关系失败","开机登录提示“此工作站和主域间的信任关系失败  ”说明计算机脱域，请转人工或联系您属地IT重新加域后使用。"
"“此工作站和主域间的信任关系失败 ”处理办法","开机登录提示“此工作站和主域间的信任关系失败  ”说明计算机脱域，请转人工或联系您属地IT重新加域后使用。"
"浏览器恢复误关页面","快捷恢复误删网页的操作方式的操作方法：win10内置了一项非常好用的快捷键——ctrl+shift+T，当不小心关闭网页时，把手指放在这三个按键上，网页就立刻恢复了（此操作可适用于任何浏览器）""
"浏览器异常关闭如何恢复","快捷恢复误删网页的操作方式的操作方法：win10内置了一项非常好用的快捷键——ctrl+shift+T，当不小心关闭网页时，把手指放在这三个按键上，网页就立刻恢复了（此操作可适用于任何浏览器）"
"误关网页恢复办法","快捷恢复误删网页的操作方式的操作方法：win10内置了一项非常好用的快捷键——ctrl+shift+T，当不小心关闭网页时，把手指放在这三个按键上，网页就立刻恢复了（此操作可适用于任何浏览器）"
"如何恢复误关网页","快捷恢复误删网页的操作方式的操作方法：win10内置了一项非常好用的快捷键——ctrl+shift+T，当不小心关闭网页时，把手指放在这三个按键上，网页就立刻恢复了（此操作可适用于任何浏览器）"
"如何打开误关网页","快捷恢复误删网页的操作方式的操作方法：win10内置了一项非常好用的快捷键——ctrl+shift+T，当不小心关闭网页时，把手指放在这三个按键上，网页就立刻恢复了（此操作可适用于任何浏览器）"
"Excel文件打开提示内存不足","打开Excel提示内存不足的处理方式：1.打开Excel文件，【任意打开一个】即可。2.点击左上角的【文件】选项，在下拉菜单中选择【选项】。3.选择左侧的【信任中心】选项。4.在右侧选择【添加新位置】选项。5.点击【浏览】选项。6.点击对应的盘符，然后点击右下角的【选择文件夹】选项。7.接着勾选【同时信任此位置的子文件夹】选项，点击【确定】。8.依次添加所有的盘符，在列表中就可以看到添加的受信任的盘符列表，然后点击右下角的【确定】保存更改，这样就成功解决了提示内存不足的问题。"
"office文件打开提示内存不足","打开Excel提示内存不足的处理方式：1.打开Excel文件，【任意打开一个】即可。2.点击左上角的【文件】选项，在下拉菜单中选择【选项】。3.选择左侧的【信任中心】选项。4.在右侧选择【添加新位置】选项。5.点击【浏览】选项。6.点击对应的盘符，然后点击右下角的【选择文件夹】选项。7.接着勾选【同时信任此位置的子文件夹】选项，点击【确定】。8.依次添加所有的盘符，在列表中就可以看到添加的受信任的盘符列表，然后点击右下角的【确定】保存更改，这样就成功解决了提示内存不足的问题。"
"内存不足,不能执行显示文件","打开Excel提示内存不足的处理方式：1.打开Excel文件，【任意打开一个】即可。2.点击左上角的【文件】选项，在下拉菜单中选择【选项】。3.选择左侧的【信任中心】选项。4.在右侧选择【添加新位置】选项。5.点击【浏览】选项。6.点击对应的盘符，然后点击右下角的【选择文件夹】选项。7.接着勾选【同时信任此位置的子文件夹】选项，点击【确定】。8.依次添加所有的盘符，在列表中就可以看到添加的受信任的盘符列表，然后点击右下角的【确定】保存更改，这样就成功解决了提示内存不足的问题。"
"打开Excel提示内存不足如何处理","打开Excel提示内存不足的处理方式：1.打开Excel文件，【任意打开一个】即可。2.点击左上角的【文件】选项，在下拉菜单中选择【选项】。3.选择左侧的【信任中心】选项。4.在右侧选择【添加新位置】选项。5.点击【浏览】选项。6.点击对应的盘符，然后点击右下角的【选择文件夹】选项。7.接着勾选【同时信任此位置的子文件夹】选项，点击【确定】。8.依次添加所有的盘符，在列表中就可以看到添加的受信任的盘符列表，然后点击右下角的【确定】保存更改，这样就成功解决了提示内存不足的问题。"
"Excel保存时提示内存不足","打开Excel提示内存不足的处理方式：1.打开Excel文件，【任意打开一个】即可。2.点击左上角的【文件】选项，在下拉菜单中选择【选项】。3.选择左侧的【信任中心】选项。4.在右侧选择【添加新位置】选项。5.点击【浏览】选项。6.点击对应的盘符，然后点击右下角的【选择文件夹】选项。7.接着勾选【同时信任此位置的子文件夹】选项，点击【确定】。8.依次添加所有的盘符，在列表中就可以看到添加的受信任的盘符列表，然后点击右下角的【确定】保存更改，这样就成功解决了提示内存不足的问题。"
"“向程序发送命令时出现问题”如何处理","Excel提示向程序发送命令时出现问题，解决方法如下：1、打开任意一个Excel文档2、点击左上角的【文件】选项，在下拉菜单中选择【选项】3、选择左侧的【高级】选项，下拉滚动条找到【常规】选项下面的【忽略使用动态数据交换(DDE)的其他应用程序】选项，去除前面的勾选，点击确定"
"Excel出现向程序发送命令出现问题是什么原因","Excel提示向程序发送命令时出现问题，解决方法如下：1、打开任意一个Excel文档2、点击左上角的【文件】选项，在下拉菜单中选择【选项】3、选择左侧的【高级】选项，下拉滚动条找到【常规】选项下面的【忽略使用动态数据交换(DDE)的其他应用程序】选项，去除前面的勾选，点击确定"
"Excel表格提示向程序发送命令时出现问题怎么办","Excel提示向程序发送命令时出现问题，解决方法如下：1、打开任意一个Excel文档2、点击左上角的【文件】选项，在下拉菜单中选择【选项】3、选择左侧的【高级】选项，下拉滚动条找到【常规】选项下面的【忽略使用动态数据交换(DDE)的其他应用程序】选项，去除前面的勾选，点击确定"
"Excel打不开，提示向程序发送命令时出现问题","Excel提示向程序发送命令时出现问题，解决方法如下：1、打开任意一个Excel文档2、点击左上角的【文件】选项，在下拉菜单中选择【选项】3、选择左侧的【高级】选项，下拉滚动条找到【常规】选项下面的【忽略使用动态数据交换(DDE)的其他应用程序】选项，去除前面的勾选，点击确定"
"Excel提示向程序发送命令时出现问题解决办法","Excel提示向程序发送命令时出现问题，解决方法如下：1、打开任意一个Excel文档2、点击左上角的【文件】选项，在下拉菜单中选择【选项】3、选择左侧的【高级】选项，下拉滚动条找到【常规】选项下面的【忽略使用动态数据交换(DDE)的其他应用程序】选项，去除前面的勾选，点击确定"
"Excel文件双击无法打开","打开Excel文件时很慢且打开多个文件解决办法：1、进入execl选择“文件”菜单中的“选项”按钮2、在弹出的Excel选项对话框中，找到“校对”3、将以下的几个勾，全部去掉，包括：忽略全部大写的单词，忽略包含数字的单词，忽略Internet和文件地址等选项，点击“确定”"
"打开Excel文件时很慢","打开Excel文件时很慢且打开多个文件解决办法：1、进入execl选择“文件”菜单中的“选项”按钮2、在弹出的Excel选项对话框中，找到“校对”3、将以下的几个勾，全部去掉，包括：忽略全部大写的单词，忽略包含数字的单词，忽略Internet和文件地址等选项，点击“确定”"
"打开excel时同时打开多个文件","打开Excel文件时很慢且打开多个文件解决办法：1、进入execl选择“文件”菜单中的“选项”按钮2、在弹出的Excel选项对话框中，找到“校对”3、将以下的几个勾，全部去掉，包括：忽略全部大写的单词，忽略包含数字的单词，忽略Internet和文件地址等选项，点击“确定”"
"打开excel时反应慢","打开Excel文件时很慢且打开多个文件解决办法：1、进入execl选择“文件”菜单中的“选项”按钮2、在弹出的Excel选项对话框中，找到“校对”3、将以下的几个勾，全部去掉，包括：忽略全部大写的单词，忽略包含数字的单词，忽略Internet和文件地址等选项，点击“确定”"
